{
  "$schema": "http://json-schema.org/draft-07/schema#",
  "title": "StructuredTextV1",
  "type": "object",
  "required": [
    "title",
    "items",
    "tags"
  ],
  "properties": {
    "title": {
      "type": "string",
      "minLength": 1
    },
    "items": {
      "type": "array",
      "minItems": 1,
      "items": {
        "type": "object",
        "required": [
          "q"
        ],
        "properties": {
          "q": {
            "type": "string",
            "minLength": 1
          },
          "a": {
            "type": "string"
          }
        },
        "additionalProperties": false
      }
    },
    "tags": {
      "type": "array",
      "items": {
        "type": "string"
      }
    }
  },
  "additionalProperties": false
}